{
  "project_info": {
    "project_number": "721358647180",
    "project_id": "hostel-management-app-4ae0f",
    "storage_bucket": "hostel-management-app-4ae0f.appspot.com"
  },
  "client": [
    {
      "client_info": {
        "mobilesdk_app_id": "1:721358647180:android:8bba875f4f26ea2a8470a9",
        "android_client_info": {
          "package_name": "com.example.hostel_management_app"
        }
      },
      "oauth_client": [
        {
          "client_id": "721358647180-4kca96mt8vpvd9km7s3l7ak3d4isbenb.apps.googleusercontent.com",
          "client_type": 1,
          "android_info": {
            "package_name": "com.example.hostel_management_app",
            "certificate_hash": "ddaa58dd334ca4fb225aa5f4b6735f5f526b8a50"
          }
        },
        {
          "client_id": "721358647180-rlqdohgb0idlvcqru0sgkbihm2ejg83j.apps.googleusercontent.com",
          "client_type": 1,
          "android_info": {
            "package_name": "com.example.hostel_management_app",
            "certificate_hash": "61a0706b4942bd0b53948ba7871bb1f0d42063f2"
          }
        },
        {
          "client_id": "721358647180-hchma104slfjtm5bg0s9irr16r7dl2f7.apps.googleusercontent.com",
          "client_type": 3
        }
      ],
      "api_key": [
        {
          "current_key": "AIzaSyBUW30KcgMfmfMr7z6irFLCz9G9Dcv9Amw"
        }
      ],
      "services": {
        "appinvite_service": {
          "other_platform_oauth_client": [
            {
              "client_id": "721358647180-hchma104slfjtm5bg0s9irr16r7dl2f7.apps.googleusercontent.com",
              "client_type": 3
            }
          ]
        }
      }
    }
  ],
  "configuration_version": "1"
}